<application>
  <component name="GeneralSettings">
    <option name="confirmExit" value="false" />
  </component>
  <component name="Registry">
    <entry key="external.system.auto.import.disabled" value="true" />
    <entry key="editor.maximize.on.double.click" value="false" />
    <entry key="ide.suppress.double.click.handler" value="true" />
  </component>
  <component name="StatusBar">
    <option name="widgets">
      <map>
        <entry key="UserSentimentPanelNegative" value="false" />
        <entry key="UserSentimentPanelPositive" value="false" />
      </map>
    </option>
  </component>
</application>